<Definition id="gfx core">

  <!--
        
    common graphics attributes
        
  -->
  <Attribute id="gfx.attr.byte" type="INT8"/>
  <Attribute id="gfx.attr.i" type="INT32"/>
  <Attribute id="gfx.attr.ij" type="INT32" dim="2"/>
  <Attribute id="gfx.attr.ijk" type="INT32" dim="3"/>
  <Attribute id="gfx.attr.objects" type="INT32"/>
  <Attribute id="gfx.attr.pixels" type="INT16"/>
  <Attribute id="gfx.attr.xy" type="SCALAR" dim="2"/>
  <Attribute id="gfx.attr.xyz" type="SCALAR" dim="3"/>
  <Attribute id="gfx.attr.vec2" type="SCALAR" dim="2"/>
  <Attribute id="gfx.attr.vec3" type="SCALAR" dim="3"/>
  <Attribute id="gfx.attr.normal" type="SCALAR" dim="3"/>
  <Attribute id="gfx.attr.bitangent" type="SCALAR" dim="3"/>
  <Attribute id="gfx.attr.tangent" type="SCALAR" dim="3"/>
  <Attribute id="gfx.attr.uv" type="SCALAR" dim="2"/>
  <Attribute id="gfx.attr.uvw" type="SCALAR" dim="3"/>
  <Attribute id="gfx.attr.rgb" type="SCALAR" dim="3"/>
  <Attribute id="gfx.attr.rgba" type="SCALAR" dim="4"/>
  <Attribute id="gfx.attr.xfo" type="SCALAR" dim="16"/>
  <Attribute id="gfx.attr.bbox" type="SCALAR" dim="6"/>
  <Attribute id="gfx.attr.tag" type="BYTES"/>
  <Attribute id="gfx.attr.visible" type="BOOL"/>
  <Attribute id="gfx.attr.degree" type="INT8"/>
  <Attribute id="gfx.attr.rotation" type="SCALAR"/>
  <Attribute id="gfx.attr.major" type="SCALAR"/>
  <Attribute id="gfx.attr.minor" type="SCALAR"/>
  <Attribute id="gfx.attr.radius" type="SCALAR"/>
  <Attribute id="gfx.attr.width" type="SCALAR"/>
  <Attribute id="gfx.attr.height" type="SCALAR"/>
  
</Definition>